{
  "L4_M3_1310nm": {
    "cross_matrix": [
      [
        0.3254079222679138,
        0.6349471211433411,
        0.38727378845214844,
        0.4680209755897522,
        0.327409565448761,
        0.3109000325202942,
        0.36136922240257263,
        0.45010140538215637
      ],
      [
        0.39756324887275696,
        0.31211456656455994,
        0.5189931988716125,
        1.5031710863113403,
        20.351215362548828,
        3.820647954940796,
        46.03712463378906,
        0.38278576731681824
      ],
      [
        0.3862185776233673,
        0.40745383501052856,
        0.3809129595756531,
        0.5527855753898621,
        8.719170570373535,
        1.4045239686965942,
        9.278477668762207,
        0.5692841410636902
      ],
      [
        0.30241429805755615,
        0.2737826108932495,
        0.33465638756752014,
        0.599096953868866,
        2.452286958694458,
        0.42484042048454285,
        3.258855104446411,
        0.26651525497436523
      ],
      [
        0.2353375256061554,
        0.357496052980423,
        0.46864867210388184,
        0.39323022961616516,
        0.9286884665489197,
        0.6374221444129944,
        1.496909737586975,
        0.4318883419036865
      ],
      [
        0.35064494609832764,
        0.2890496253967285,
        0.46450862288475037,
        0.5494158267974854,
        0.3907569944858551,
        0.28710317611694336,
        0.3794531524181366,
        0.21034614741802216
      ],
      [
        0.3433818817138672,
        0.301656037569046,
        0.43683624267578125,
        0.3772808611392975,
        0.3520350158214569,
        0.36955228447914124,
        0.42736536264419556,
        0.2950741946697235
      ],
      [
        0.3244844079017639,
        0.3315333425998688,
        0.5407243967056274,
        0.3218536674976349,
        0.3825027048587799,
        0.3443685472011566,
        0.4352906048297882,
        0.2758566439151764
      ]
    ],
    "max_intensity": 46.03712463378906,
    "total_intensity": 119.93101699650288,
    "focus_concentration": 0.3838633723508998,
    "focus_region": [
      