{
  "L5_M2_1550nm": {
    "cross_matrix": [
      [
        0.46307694911956787,
        0.6897792220115662,
        0.6343749165534973,
        0.5877801775932312,
        0.8338465094566345,
        0.5020230412483215,
        0.6944077014923096,
        0.5461753010749817
      ],
      [
        0.8451747894287109,
        1.0945489406585693,
        0.7212358713150024,
        28.508926391601562,
        35.322967529296875,
        0.6538891792297363,
        0.6015123724937439,
        0.6819128394126892
      ],
      [
        0.6513915657997131,
        0.8830375671386719,
        0.5120241641998291,
        3.0295989513397217,
        4.650336742401123,
        1.187015175819397,
        0.7891519069671631,
        0.5708699822425842
      ],
      [
        0.6402763724327087,
        0.4084554612636566,
        0.7342233061790466,
        11.72011661529541,
        21.764535903930664,
        0.8581178784370422,
        0.8592863082885742,
        0.7749389410018921
      ],
      [
        0.5511322617530823,
        0.8908825516700745,
        0.5810056924819946,
        2.120018243789673,
        4.102788925170898,
        0.6091077923774719,
        0.6626692414283752,
        0.5531612634658813
      ],
      [
        0.5397131443023682,
        0.5429003834724426,
        0.7441750168800354,
        0.5547268390655518,
        0.6390212774276733,
        0.6595620512962341,
        0.5299081802368164,
        0.5817587971687317
      ],
      [
        0.429773211479187,
        0.6380189657211304,
        0.529038667678833,
        0.5650216937065125,
        0.8926234245300293,
        0.5800727009773254,
        0.594730019569397,
        0.4768674373626709
      ],
      [
        0.7902441620826721,
        0.5928896069526672,
        0.6016512513160706,
        0.8770963549613953,
        1.0146433115005493,
        0.5468671917915344,
        0.5402034521102905,
        0.5629315972328186
      ]
    ],
    "max_intensity": 35.322967529296875,
    "total_intensity": 148.51021328568459,
    "focus_concentration": 0.23784874284250992,
    "focus_region": [
      