{
  "L5_M3_850nm": {
    "cross_matrix": [
      [
        0.041689034551382065,
        0.04198407754302025,
        0.03240687772631645,
        0.020419040694832802,
        0.016339236870408058,
        0.01584293320775032,
        0.04731586575508118,
        0.0441427044570446
      ],
      [
        0.04632856696844101,
        0.03137989714741707,
        0.035291638225317,
        0.015500117093324661,
        0.007399172522127628,
        0.011875422671437263,
        0.023747088387608528,
        0.04517552629113197
      ],
      [
        0.025702035054564476,
        0.020994022488594055,
        0.010775088332593441,
        0.008199930191040039,
        0.01168102864176035,
        0.009673929773271084,
        0.017755307257175446,
        0.014162914827466011
      ],
      [
        0.015387745574116707,
        0.025374405086040497,
        0.010334876365959644,
        0.0066613550297915936,
        0.007226582616567612,
        0.00597896846011281,
        0.01255221851170063,
        0.021403267979621887
      ],
      [
        0.020819388329982758,
        0.017215263098478317,
        0.008116485550999641,
        0.008972625248134136,
        0.012764331884682178,
        0.007816719822585583,
        0.010582739487290382,
        0.012768866494297981
      ],
      [
        0.02481277473270893,
        0.32484593987464905,
        0.04278897866606712,
        0.010086879134178162,
        0.010040823370218277,
        0.00637331185862422,
        0.01640404388308525,
        0.036323677748441696
      ],
      [
        0.07597096264362335,
        27.568687438964844,
        0.31449273228645325,
        0.01273653656244278,
        0.008772593922913074,
        0.013720454648137093,
        0.024969913065433502,
        0.024740144610404968
      ],
      [
        0.04317689687013626,
        0.030306220054626465,
        0.0190106313675642,
        0.020795859396457672,
        0.012104936875402927,
        0.02035006321966648,
        0.04067610949277878,
        0.04720142483711243
      ]
    ],
    "max_intensity": 27.568687438964844,
    "total_intensity": 29.549146644305438,
    "focus_concentration": 0.9329774484091387,
    "focus_region": [
      