{
  "L4_M1_550nm": {
    "cross_matrix": [
      [
        0.015086837112903595,
        0.014565390534698963,
        0.009260624647140503,
        0.030798546969890594,
        0.023832501843571663,
        0.008935628458857536,
        0.019298821687698364,
        0.00643432280048728
      ],
      [
        0.015183668583631516,
        0.02212657406926155,
        0.04840861260890961,
        11.273255348205566,
        14.649646759033203,
        0.02075870893895626,
        0.010910994373261929,
        0.0290591549128294
      ],
      [
        0.0129787502810359,
        0.06421539932489395,
        0.0743531733751297,
        0.5158426761627197,
        0.4281572997570038,
        0.03891852870583534,
        0.04222290962934494,
        0.01193477027118206
      ],
      [
        0.009225303307175636,
        0.054647915065288544,
        0.043828949332237244,
        0.06917156279087067,
        0.035321854054927826,
        0.033064402639865875,
        0.029669547453522682,
        0.023747138679027557
      ],
      [
        0.015567611902952194,
        0.054102540016174316,
        0.07710934430360794,
        0.15445806086063385,
        0.0577181875705719,
        0.0250952560454607,
        0.026911312714219093,
        0.01600811630487442
      ],
      [
        0.021446652710437775,
        0.04219220206141472,
        0.05122041702270508,
        0.04091082513332367,
        0.0433182492852211,
        0.02915915660560131,
        0.031383126974105835,
        0.014739548787474632
      ],
      [
        0.014365073293447495,
        0.04757576435804367,
        0.03836128115653992,
        0.08550993353128433,
        0.23901566863059998,
        0.02757473662495613,
        0.03868341073393822,
        0.013267390429973602
      ],
      [
        0.012400197796523571,
        0.0201627928763628,
        0.01679968275129795,
        0.00986251886934042,
        0.01032745186239481,
        0.014375324361026287,
        0.007507306523621082,
        0.016460377722978592
      ]
    ],
    "max_intensity": 14.649646759033203,
    "total_intensity": 28.998452195432037,
    "focus_concentration": 0.5051871962080225,
    "focus_region": [
      