{
  "total_configurations": 45,
  "best_configuration": {
    "config": "layers_5_mode1_wavelength_450nm",
    "cross_score": 0.9023490384474929,
    "snr_score": 0.5814714431762695,
    "comprehensive_score": 0.7419102408118812,
    "snr_db": 11.62942886352539
  },
  "performance_distribution": {
    "excellent": 0,
    "good": 9,
    "fair": 15,
    "poor": 21
  }
}