{
  "L1_M2_1550nm": {
    "cross_matrix": [
      [
        23.129884719848633,
        25.98457145690918,
        12.402819633483887,
        9.74890422821045,
        16.923748016357422,
        23.73183250427246,
        15.571953773498535,
        16.442474365234375
      ],
      [
        18.559999465942383,
        33.816898345947266,
        30.899314880371094,
        20.092994689941406,
        10.220163345336914,
        9.898786544799805,
        21.440372467041016,
        23.297658920288086
      ],
      [
        28.066875457763672,
        8.382845878601074,
        10.03650951385498,
        36.36471939086914,
        38.211090087890625,
        15.119867324829102,
        31.121679306030273,
        45.23072814941406
      ],
      [
        14.190004348754883,
        10.532726287841797,
        15.132859230041504,
        107.64996337890625,
        125.0,
        29.40535545349121,
        38.291072845458984,
        19.710620880126953
      ],
      [
        8.432720184326172,
        12.51605224609375,
        27.88789939880371,
        120.72259521484375,
        107.74036407470703,
        25.790786743164062,
        22.744300842285156,
        13.81405258178711
      ],
      [
        16.94563102722168,
        19.53902244567871,
        15.176291465759277,
        48.93635559082031,
        43.64997863769531,
        27.691146850585938,
        21.480424880981445,
        16.045269012451172
      ],
      [
        17.074010848999023,
        24.19240379333496,
        13.053677558898926,
        14.264516830444336,
        10.487818717956543,
        18.151670455932617,
        14.877352714538574,
        18.076019287109375
      ],
      [
        11.978899002075195,
        18.7154541015625,
        20.787500381469727,
        13.369755744934082,
        11.378793716430664,
        18.588193893432617,
        16.817195892333984,
        15.496432304382324
      ]
    ],
    "max_intensity": 125.0,
    "total_intensity": 1691.0318813323975,
    "focus_concentration": 0.0739193633070375,
    "focus_region": [
      