{
  "L4_M1_1550nm": {
    "cross_matrix": [
      [
        5.221441745758057,
        3.2666752338409424,
        3.6816654205322266,
        5.583407878875732,
        2.8488845825195312,
        3.200721263885498,
        3.8587005138397217,
        4.566749572753906
      ],
      [
        3.4540297985076904,
        4.415657043457031,
        5.892187595367432,
        42.585426330566406,
        38.63539505004883,
        3.018226146697998,
        3.73115611076355,
        3.4451913833618164
      ],
      [
        4.32409143447876,
        3.1321327686309814,
        5.158045768737793,
        17.61440086364746,
        19.89443016052246,
        6.200082302093506,
        4.198007583618164,
        4.450729846954346
      ],
      [
        3.440014362335205,
        4.922955513000488,
        6.974596977233887,
        8.877158164978027,
        6.506618022918701,
        4.7822651863098145,
        4.749359607696533,
        3.2216339111328125
      ],
      [
        3.864323377609253,
        2.7594592571258545,
        3.143681526184082,
        6.686192512512207,
        6.211514949798584,
        3.658299684524536,
        3.8838865756988525,
        3.544943332672119
      ],
      [
        4.229100704193115,
        5.534327983856201,
        4.0499396324157715,
        4.6777729988098145,
        5.28678560256958,
        2.597360849380493,
        3.5247297286987305,
        4.512087345123291
      ],
      [
        3.8949756622314453,
        3.5137650966644287,
        3.5756542682647705,
        3.5730295181274414,
        3.6603221893310547,
        2.888089418411255,
        4.441916465759277,
        4.227099418640137
      ],
      [
        3.335425853729248,
        4.710329055786133,
        3.708620071411133,
        3.1173088550567627,
        2.331088066101074,
        6.5047712326049805,
        3.2393813133239746,
        2.571371555328369
      ]
    ],
    "max_intensity": 42.585426330566406,
    "total_intensity": 373.3095922470093,
    "focus_concentration": 0.1140753605451888,
    "focus_region": [
      