{
  "L1_M2_650nm": {
    "cross_matrix": [
      [
        7.903100490570068,
        2.767620086669922,
        6.20688009262085,
        2.064711570739746,
        5.3184590339660645,
        4.585815906524658,
        1.9869078397750854,
        5.318852424621582
      ],
      [
        1.1626029014587402,
        1.6101675033569336,
        8.182526588439941,
        3.1006882190704346,
        2.385162591934204,
        1.2372368574142456,
        106.97944641113281,
        6.197439193725586
      ],
      [
        1.4754407405853271,
        1.592719554901123,
        1.613155484199524,
        1.6882251501083374,
        0.4931229054927826,
        0.834868848323822,
        10.389450073242188,
        2.5193753242492676
      ],
      [
        1.0452972650527954,
        40.11384201049805,
        18.113309860229492,
        100.48589324951172,
        92.73705291748047,
        5.750589370727539,
        3.7860052585601807,
        3.8348116874694824
      ],
      [
        1.295943260192871,
        53.07771301269531,
        15.359331130981445,
        84.09534454345703,
        69.76629638671875,
        0.8887770175933838,
        2.4509544372558594,
        2.3191685676574707
      ],
      [
        0.9291544556617737,
        2.408412218093872,
        2.240011215209961,
        0.772005021572113,
        2.9890453815460205,
        1.6034103631973267,
        1.3163414001464844,
        3.5205767154693604
      ],
      [
        2.8014934062957764,
        3.006035327911377,
        0.918055534362793,
        1.1201080083847046,
        5.506263256072998,
        9.524088859558105,
        1.6235716342926025,
        2.9615209102630615
      ],
      [
        2.033799886703491,
        2.0274789333343506,
        2.5670430660247803,
        3.6910603046417236,
        4.639779090881348,
        6.302621841430664,
        1.2731865644454956,
        2.3462562561035156
      ]
    ],
    "max_intensity": 106.97944641113281,
    "total_intensity": 750.8556254208088,
    "focus_concentration": 0.14247671961059505,
    "focus_region": [
      