{
  "L3_M3_850nm": {
    "cross_matrix": [
      [
        0.0001403906207997352,
        0.001465840614400804,
        0.003760915482416749,
        0.004416812676936388,
        0.00140862085390836,
        0.0010350806405767798,
        0.002849653596058488,
        0.00027855730149894953
      ],
      [
        0.0013025965308770537,
        0.03533134236931801,
        0.05070910230278969,
        0.09203736484050751,
        0.087770476937294,
        3.9565672874450684,
        0.375964879989624,
        0.0026082023978233337
      ],
      [
        0.002977728610858321,
        0.19880224764347076,
        0.16479343175888062,
        0.22185809910297394,
        0.12849383056163788,
        27.34572410583496,
        0.7088341116905212,
        0.0025002758484333754
      ],
      [
        0.004286208190023899,
        0.0454702265560627,
        0.1313883662223816,
        0.12176131457090378,
        0.1736377477645874,
        0.20735295116901398,
        0.021022751927375793,
        0.0020871502347290516
      ],
      [
        0.0014807855477556586,
        0.027405938133597374,
        0.07551457732915878,
        0.12321517616510391,
        0.1394108384847641,
        0.07002948969602585,
        0.024575794115662575,
        0.0019287597388029099
      ],
      [
        0.0031580375507473946,
        0.03000938892364502,
        0.0728159174323082,
        0.14811018109321594,
        0.1185545027256012,
        0.05689790099859238,
        0.013562154956161976,
        0.0019281022250652313
      ],
      [
        0.0029720200691372156,
        0.00811714306473732,
        0.019701668992638588,
        0.01804637350142002,
        0.02149992436170578,
        0.016184912994503975,
        0.006257160101085901,
        0.0006521123577840626
      ],
      [
        0.00016845799109432846,
        0.00041941762901842594,
        0.0011779074557125568,
        0.0006507695070467889,
        0.0005611131782643497,
        0.0009678271017037332,
        0.001955255400389433,
        6.68032662360929e-05
      ]
    ],
    "max_intensity": 27.34572410583496,
    "total_intensity": 35.1066340843754,
    "focus_concentration": 0.7789332363801742,
    "focus_region": [
      