{
  "L1_M3_850nm": {
    "cross_matrix": [
      [
        7.546202182769775,
        3.7840993404388428,
        1.514388918876648,
        0.3207477927207947,
        3.6634764671325684,
        1.9442499876022339,
        2.1798017024993896,
        11.154043197631836
      ],
      [
        3.2778613567352295,
        10.78512954711914,
        1.8348255157470703,
        0.6668357253074646,
        5.579798221588135,
        20.78856658935547,
        98.39058685302734,
        3.6114416122436523
      ],
      [
        3.336778163909912,
        10.87820053100586,
        1.3716357946395874,
        0.4104810059070587,
        0.3244803249835968,
        11.279037475585938,
        52.25539016723633,
        2.933371067047119
      ],
      [
        1.8174817562103271,
        0.6055334806442261,
        0.6314573287963867,
        3.894284963607788,
        6.878454685211182,
        1.4148175716400146,
        2.521763563156128,
        1.5827051401138306
      ],
      [
        3.948558807373047,
        0.7449371218681335,
        0.1961010843515396,
        3.956073760986328,
        6.951086044311523,
        0.9709734916687012,
        1.5442471504211426,
        3.593975782394409
      ],
      [
        4.63816499710083,
        1.1765283346176147,
        0.2474387288093567,
        0.1879291534423828,
        0.3619818687438965,
        1.0611681938171387,
        1.5968483686447144,
        1.0537525415420532
      ],
      [
        3.3335494995117188,
        3.8759922981262207,
        4.473159313201904,
        4.7604522705078125,
        0.9860391020774841,
        1.9027129411697388,
        5.333300590515137,
        2.9934237003326416
      ],
      [
        7.666267395019531,
        7.1773176193237305,
        5.205474376678467,
        2.750347137451172,
        3.818009853363037,
        1.5130213499069214,
        6.581547260284424,
        5.3645548820495605
      ]
    ],
    "max_intensity": 98.39058685302734,
    "total_intensity": 379.1428630501032,
    "focus_concentration": 0.25950794922387665,
    "focus_region": [
      