{
  "L2_M1_1310nm": {
    "cross_matrix": [
      [
        33.640140533447266,
        36.050636291503906,
        31.266618728637695,
        19.83626937866211,
        18.134159088134766,
        18.519363403320312,
        14.537973403930664,
        16.728931427001953
      ],
      [
        22.025789260864258,
        27.058597564697266,
        27.851463317871094,
        30.474491119384766,
        17.44245719909668,
        28.4752254486084,
        22.614858627319336,
        22.052167892456055
      ],
      [
        32.663970947265625,
        28.344722747802734,
        35.07829284667969,
        52.60914611816406,
        27.41637420654297,
        15.787491798400879,
        34.800113677978516,
        22.152074813842773
      ],
      [
        27.863285064697266,
        23.285297393798828,
        42.88840866088867,
        46.89809036254883,
        48.5585823059082,
        20.942129135131836,
        15.845287322998047,
        22.28696060180664
      ],
      [
        23.734418869018555,
        29.682167053222656,
        15.716343879699707,
        63.76802062988281,
        86.29647827148438,
        28.448688507080078,
        23.011138916015625,
        27.976516723632812
      ],
      [
        17.661352157592773,
        23.468433380126953,
        15.979011535644531,
        41.472198486328125,
        21.809839248657227,
        20.146324157714844,
        24.386829376220703,
        41.11228561401367
      ],
      [
        27.496395111083984,
        17.882741928100586,
        26.427560806274414,
        33.96516036987305,
        23.13274383544922,
        17.81256103515625,
        29.465681076049805,
        19.29973793029785
      ],
      [
        27.354869842529297,
        41.79243087768555,
        27.719314575195312,
        46.62358093261719,
        50.06741714477539,
        13.078214645385742,
        19.020584106445312,
        23.305307388305664
      ]
    ],
    "max_intensity": 86.29647827148438,
    "total_intensity": 1833.2437191009521,
    "focus_concentration": 0.04707310728646633,
    "focus_region": [
      