{
  "2L_mode3_450nm": {
    "cross_matrix": {
      "cross_matrix": [
        [
          2.7860223781317472e-06,
          0.00021178138558752835,
          0.00028655753703787923,
          0.000839167507365346,
          0.0007150667370297015,
          0.0010537016205489635,
          0.000331756571540609,
          8.50757714943029e-06
        ],
        [
          0.00037452371907420456,
          0.4107891917228699,
          0.3639487326145172,
          0.05232029780745506,
          0.05594516918063164,
          0.13517610728740692,
          0.018395306542515755,
          0.0001663546427153051
        ],
        [
          0.00037644512485712767,
          0.15325503051280975,
          0.16402429342269897,
          0.04718416929244995,
          0.12676839530467987,
          0.14587722718715668,
          0.04164367914199829,
          0.0014110967749729753
        ],
        [
          0.0006357443635351956,
          0.044891078025102615,
          0.08261434733867645,
          0.07548867911100388,
          0.14963948726654053,
          0.16027085483074188,
          0.05287241190671921,
          0.00046456753625534475
        ],
        [
          0.0005957859102636576,
          0.20023779571056366,
          0.32782721519470215,
          0.12851153314113617,
          0.0376470573246479,
          0.11125575006008148,
          0.045380815863609314,
          0.0008022820693440735
        ],
        [
          0.0011347844265401363,
          0.9683313965797424,
          0.26652681827545166,
          0.2928697466850281,
          0.2868916690349579,
          0.10184738039970398,
          0.09843778610229492,
          0.0009133218554779887
        ],
        [
          0.002748127095401287,
          27.77112579345703,
          1.7066837549209595,
          0.18629564344882965,
          0.1327681690454483,
          0.11479879170656204,
          0.010799070820212364,
          0.00021767275757156312
        ],
        [
          2.8236157959327102e-05,
          0.00010037193715106696,
          0.0006933640106581151,
          0.000498686742503196,
          0.00032129979808814824,
          0.0008877922664396465,
          0.002454481553286314,
          2.634477368701482e-06
        ]
      ],
      "max_intensity": 27.77112579345703,
      "total_intensity": 35.08761754444504,
      "focus_concentration": 0.791479380388268,
      "focus_region": [
        