Mode,Layers,450nm,550nm,650nm
Mode_1,1,0.5942265391349792,0.7147002220153809,0.8902218341827393
Mode_1,2,0.8504550457000732,0.8306415677070618,0.8239378929138184
Mode_1,3,0.8513040542602539,0.762994110584259,0.6592432856559753
Mode_2,1,0.4752984046936035,0.5835652947425842,0.6825656890869141
Mode_2,2,0.6256347298622131,0.6570266485214233,0.5593872666358948
Mode_2,3,0.5760453343391418,0.8032932281494141,0.6070995330810547
Mode_3,1,0.4738980829715729,0.8556119799613953,0.4457477629184723
Mode_3,2,0.48462381958961487,0.793701171875,0.2617145776748657
Mode_3,3,0.3727707862854004,0.6459386944770813,0.5344293117523193
