{
  "metadata": {
    "generation_time": "2025-08-21T00:02:30.113672",
    "num_modes": 3,
    "num_wavelengths": 3,
    "wavelengths": [
      "450nm",
      "550nm",
      "650nm"
    ],
    "layer_options": [
      1,
      2,
      3,
      4,
      5
    ]
  },
  "data": {
    "mode_1": {
      "1layers": {
        "wavelength_data": [
          0.8339604735374451,
          0.8385156989097595,
          0.9419808983802795
        ],
        "statistics": {
          "mean": 0.871485690275828,
          "max": 0.9419808983802795,
          "min": 0.8339604735374451,
          "std": 0.04988231679874534
        }
      },
      "2layers": {
        "wavelength_data": [
          0.8621250987052917,
          0.8040189743041992,
          0.7183182835578918
        ],
        "statistics": {
          "mean": 0.7948207855224609,
          "max": 0.8621250987052917,
          "min": 0.7183182835578918,
          "std": 0.05906806823971806
        }
      },
      "3layers": {
        "wavelength_data": [
          0.829342782497406,
          0.6135483384132385,
          0.6886919140815735
        ],
        "statistics": {
          "mean": 0.7105276783307394,
          "max": 0.829342782497406,
          "min": 0.6135483384132385,
          "std": 0.0894405239052097
        }
      },
      "4layers": {
        "wavelength_data": [
          0.7373442053794861,
          0.5075395107269287,
          0.6029961109161377
        ],
        "statistics": {
          "mean": 0.6159599423408508,
          "max": 0.7373442053794861,
          "min": 0.5075395107269287,
          "std": 0.09426415053806711
        }
      },
      "5layers": {
        "wavelength_data": [
          0.8099133372306824,
          0.7113843560218811,
          0.6703894138336182
        ],
        "statistics": {
          "mean": 0.7305623690287272,
          "max": 0.8099133372306824,
          "min": 0.6703894138336182,
          "std": 0.05855241775364207
        }
      }
    },
    "mode_2": {
      "1layers": {
        "wavelength_data": [
          0.5248871445655823,
          0.36852431297302246,
          0.8837617039680481
        ],
        "statistics": {
          "mean": 0.5923910538355509,
          "max": 0.8837617039680481,
          "min": 0.36852431297302246,
          "std": 0.21569264489837747
        }
      },
      "2layers": {
        "wavelength_data": [
          0.370678573846817,
          0.7491929531097412,
          0.7933325171470642
        ],
        "statistics": {
          "mean": 0.6377346813678741,
          "max": 0.7933325171470642,
          "min": 0.370678573846817,
          "std": 0.1896950161031738
        }
      },
      "3layers": {
        "wavelength_data": [
          0.7535042762756348,
          0.6581944823265076,
          0.7360055446624756
        ],
        "statistics": {
          "mean": 0.7159014344215393,
          "max": 0.7535042762756348,
          "min": 0.6581944823265076,
          "std": 0.04142560111888187
        }
      },
      "4layers": {
        "wavelength_data": [
          0.7036871910095215,
          0.6672627329826355,
          0.6077846884727478
        ],
        "statistics": {
          "mean": 0.6595782041549683,
          "max": 0.7036871910095215,
          "min": 0.6077846884727478,
          "std": 0.03952730267955225
        }
      },
      "5layers": {
        "wavelength_data": [
          0.7666228413581848,
          0.6881080269813538,
          0.5391194224357605
        ],
        "statistics": {
          "mean": 0.6646167635917664,
          "max": 0.7666228413581848,
          "min": 0.5391194224357605,
          "std": 0.09435158008596446
        }
      }
    },
    "mode_3": {
      "1layers": {
        "wavelength_data": [
          0.4368821382522583,
          0.8444288372993469,
          0.48932692408561707
        ],
        "statistics": {
          "mean": 0.5902126332124075,
          "max": 0.8444288372993469,
          "min": 0.4368821382522583,
          "std": 0.18102858467758817
        }
      },
      "2layers": {
        "wavelength_data": [
          0.4732398986816406,
          0.7088566422462463,
          0.35213327407836914
        ],
        "statistics": {
          "mean": 0.5114099383354187,
          "max": 0.7088566422462463,
          "min": 0.35213327407836914,
          "std": 0.14811167924832253
        }
      },
      "3layers": {
        "wavelength_data": [
          0.3707927465438843,
          0.669962465763092,
          0.27266743779182434
        ],
        "statistics": {
          "mean": 0.43780755003293353,
          "max": 0.669962465763092,
          "min": 0.27266743779182434,
          "std": 0.16897548683695615
        }
      },
      "4layers": {
        "wavelength_data": [
          0.48834535479545593,
          0.5195797085762024,
          0.6812708377838135
        ],
        "statistics": {
          "mean": 0.5630653003851572,
          "max": 0.6812708377838135,
          "min": 0.48834535479545593,
          "std": 0.08455100242971315
        }
      },
      "5layers": {
        "wavelength_data": [
          0.6304222941398621,
          0.5359987616539001,
          0.5815445184707642
        ],
        "statistics": {
          "mean": 0.5826551914215088,
          "max": 0.6304222941398621,
          "min": 0.5359987616539001,
          "std": 0.038556245214703445
        }
      }
    }
  }
}