Mode,Layers,450nm,550nm,650nm
Mode_1,1,0.9570386,0.0,0.0
Mode_1,2,0.914537,0.0,0.0
Mode_1,3,0.85158896,0.0,0.0
Mode_2,1,0.9556393,0.0,0.0
Mode_2,2,0.8430864,0.0,0.0
Mode_2,3,0.7538135,0.0,0.0
Mode_3,1,0.96701354,0.0,0.0
Mode_3,2,0.8485367,0.0,0.0
Mode_3,3,0.79883033,0.0,0.0
