{
  "L5_M2_850nm": {
    "cross_matrix": [
      [
        0.05246211960911751,
        0.03592752292752266,
        0.028302272781729698,
        0.021622901782393456,
        0.024282922968268394,
        0.02112695388495922,
        0.04491627588868141,
        0.07636673748493195
      ],
      [
        0.040265560150146484,
        0.042062703520059586,
        0.02109946683049202,
        0.019258001819252968,
        0.015087511390447617,
        0.021779505535960197,
        0.02377404272556305,
        0.03921959549188614
      ],
      [
        0.02910870499908924,
        0.023280184715986252,
        0.009783723391592503,
        0.007668980397284031,
        0.007504319306463003,
        0.019628208130598068,
        0.017742520198225975,
        0.02250036969780922
      ],
      [
        0.014193862676620483,
        10.745833396911621,
        2.314575672149658,
        0.008210730738937855,
        0.008840038441121578,
        0.009234840981662273,
        0.014485260471701622,
        0.01943727396428585
      ],
      [
        0.020793579518795013,
        18.680021286010742,
        2.36444354057312,
        0.0072053950279951096,
        0.00718078576028347,
        0.007937987335026264,
        0.015211068093776703,
        0.025599472224712372
      ],
      [
        0.04546231031417847,
        0.030462700873613358,
        0.017910949885845184,
        0.013272063806653023,
        0.00681859627366066,
        0.008803155273199081,
        0.011989302933216095,
        0.02335972525179386
      ],
      [
        0.04204176738858223,
        0.05916533246636391,
        0.021761717274785042,
        0.017009610310196877,
        0.02102258987724781,
        0.016832532361149788,
        0.019986199215054512,
        0.02911832556128502
      ],
      [
        0.06703121960163116,
        0.054816752672195435,
        0.031130941584706306,
        0.02305583283305168,
        0.02136874943971634,
        0.034878555685281754,
        0.05310618504881859,
        0.05755224823951721
      ]
    ],
    "max_intensity": 18.680021286010742,
    "total_intensity": 35.655932660680264,
    "focus_concentration": 0.523896583037858,
    "focus_region": [
      