{
  "L4_M1_650nm": {
    "cross_matrix": [
      [
        0.041049614548683167,
        0.020202774554491043,
        0.05326024070382118,
        0.03976178541779518,
        0.036490678787231445,
        0.02544875629246235,
        0.02889000065624714,
        0.03710667043924332
      ],
      [
        0.03815661370754242,
        0.03200274705886841,
        0.013058527372777462,
        14.012092590332031,
        14.789316177368164,
        0.03467802330851555,
        0.02126864530146122,
        0.02021808922290802
      ],
      [
        0.08247776329517365,
        0.028052320703864098,
        0.017228400334715843,
        0.46225106716156006,
        0.8043263554573059,
        0.014021319337189198,
        0.03842298313975334,
        0.028854457661509514
      ],
      [
        0.033665601164102554,
        0.06446139514446259,
        0.029679739847779274,
        0.0384325347840786,
        0.02662820741534233,
        0.013559415005147457,
        0.05778971314430237,
        0.039305876940488815
      ],
      [
        0.020012972876429558,
        0.062107231467962265,
        0.02227923646569252,
        0.018311912193894386,
        0.0188679751008749,
        0.021113453432917595,
        0.07745523005723953,
        0.020524170249700546
      ],
      [
        0.03141491115093231,
        0.02653973549604416,
        0.01398360263556242,
        0.019983096048235893,
        0.030235320329666138,
        0.01949531026184559,
        0.009340503253042698,
        0.04303177818655968
      ],
      [
        0.03206566721200943,
        0.026437895372509956,
        0.023680606856942177,
        0.018386270850896835,
        0.017398083582520485,
        0.01926261931657791,
        0.020496150478720665,
        0.02139551192522049
      ],
      [
        0.07678363472223282,
        0.06737128645181656,
        0.02225346304476261,
        0.025068186223506927,
        0.017583025619387627,
        0.014518534764647484,
        0.026642657816410065,
        0.07885085791349411
      ]
    ],
    "max_intensity": 14.789316177368164,
    "total_intensity": 31.985049976967275,
    "focus_concentration": 0.4623821500348396,
    "focus_region": [
      