{
  "L4_M2_1550nm": {
    "cross_matrix": [
      [
        0.18042807281017303,
        0.16883018612861633,
        0.21739321947097778,
        0.16338582336902618,
        0.31724345684051514,
        0.15950383245944977,
        0.22140000760555267,
        0.11879526823759079
      ],
      [
        0.17301015555858612,
        0.20705075562000275,
        0.31444403529167175,
        12.739487648010254,
        12.557290077209473,
        0.21109865605831146,
        0.200072780251503,
        0.16782167553901672
      ],
      [
        0.18536774814128876,
        0.31593066453933716,
        0.19217979907989502,
        31.611337661743164,
        33.1878776550293,
        0.19790907204151154,
        0.22507472336292267,
        0.16199512779712677
      ],
      [
        0.20040397346019745,
        0.18403910100460052,
        0.21628104150295258,
        0.40344521403312683,
        0.3970924913883209,
        0.2783767879009247,
        0.1674404740333557,
        0.17587313055992126
      ],
      [
        0.13738417625427246,
        0.21562297642230988,
        0.18630695343017578,
        0.2735025882720947,
        0.27459409832954407,
        0.1650961935520172,
        0.21035665273666382,
        0.16003645956516266
      ],
      [
        0.16521966457366943,
        0.1872769594192505,
        0.20420178771018982,
        0.160843625664711,
        0.2357753962278366,
        0.18979892134666443,
        0.17483000457286835,
        0.2099054753780365
      ],
      [
        0.25708919763565063,
        0.18438734114170074,
        0.1927797496318817,
        0.22518202662467957,
        0.15989352762699127,
        0.1175294890999794,
        0.21905554831027985,
        0.14703917503356934
      ],
      [
        0.11764790862798691,
        0.17499829828739166,
        0.286001056432724,
        0.18094897270202637,
        0.21529753506183624,
        0.15673351287841797,
        0.13945050537586212,
        0.1570311188697815
      ]
    ],
    "max_intensity": 33.1878776550293,
    "total_intensity": 102.29969721287489,
    "focus_concentration": 0.3244181415897681,
    "focus_region": [
      